order_id,ordered_on,region,sales_rep,status,amount
O-201,2026-01-08,North,Asha,paid,52000
O-202,2026-01-21,South,Vikram,paid,31000
O-203,2026-02-03,West,Asha,refunded,45000
O-204,2026-02-17,North,Vikram,paid,64000
O-205,2026-03-02,South,Asha,paid,27000
O-206,2026-03-19,West,Vikram,paid,58000
O-207,2026-03-30,North,Asha,cancelled,12000
O-208,2026-04-06,South,Vikram,paid,73000
O-209,2026-04-22,West,Asha,paid,39000
O-210,2026-05-05,North,Vikram,paid,81000
O-211,2026-05-18,South,Asha,refunded,22000
O-212,2026-06-01,West,Vikram,paid,47000
O-213,2026-06-24,North,Asha,paid,66000
O-214,2026-07-07,South,Vikram,paid,35000
O-215,2026-07-28,West,Asha,paid,90000
O-216,2026-08-04,North,Vikram,cancelled,18000
O-217,2026-08-19,South,Asha,paid,54000
O-218,2026-08-31,West,Vikram,paid,29000
O-219,2026-09-03,North,Asha,paid,77000
O-220,2026-09-15,South,Vikram,paid,41000
O-221,2026-09-24,West,Asha,paid,63000
O-222,2026-09-26,North,Vikram,paid,25000
